;ID;Sampler;Date;Start_Time;End_Time;Mean_Time;Start_Time (Local);End_Time (Local);Mean_Time (Local);Volume;Concentration_fine;Concentration_sable;TU;coef;S;Concentration_tot;ISCO_sand_concentration_corr_g_l;ISCO_fine_concentration_corr_g_l
0;1;ISCO;06.04.2021;09:00;09:00;09:00;11:00;11:00;11:00;900;0.052433735;0.004189558;;;12.51533813;0.056623293;0.082089558;0.162404259
1;2;ISCO;06.04.2021;10:00;10:00;10:00;12:00;12:00;12:00;890;0.053343276;0.00423665;;;12.59090933;0.057579926;0.082337675;0.16316012
2;3;ISCO;06.04.2021;10:30;10:30;10:30;12:30;12:30;12:30;300;0.00349;0.000816667;;;4.273467643;0.004306667;0.052790364;0.078138553
3;4;ISCO;06.04.2021;12:00;12:00;12:00;14:00;14:00;14:00;280;0.006475;0.000510714;;;12.67832877;0.006985714;0.046506162;0.09232881
4;5;ISCO;06.04.2021;13:00;13:00;13:00;15:00;15:00;15:00;315;0.007936508;0.00127619;;;6.218907843;0.009212698;0.059552451;0.097544425
5;6;ISCO;11.05.2021;07:15;09:15;08:15;09:15;11:15;10:15;2750;4.537090909;1.176727273;;;3.855686031;5.713818182;0.376170706;0.541542344
6;7;ISCO;11.05.2021;09:45;11:45;10:45;11:45;13:45;12:45;2800;3.822142857;1.168571429;;;3.270782395;4.990714286;0.375464968;0.517041458
7;8;ISCO;11.05.2021;12:45;14:30;13:37;14:45;16:30;15:37;2250;2.307111111;1.003555556;;;2.298937111;3.310666667;0.360345152;0.451160427
8;9;ISCO;12.05.2021;07:30;09:00;08:15;09:30;11:00;10:15;3070;0.68534202;0.395114007;;;1.734542456;1.080456027;0.280167372;0.325085417
9;10;ISCO;12.05.2021;09:30;11:00;10:15;11:30;13:00;12:15;3700;0.588378378;0.457297297;;;1.286643026;1.045675675;0.29144468;0.311967829
10;11;ISCO;12.05.2021;11:30;13:00;12:15;13:30;15:00;14:15;3450;0.59884058;0.527246377;;;1.135788895;1.126086957;0.302862968;0.313455959
11;12;ISCO;12.05.2021;13:30;14:30;14:00;15:30;16:30;16:00;2600;0.521153846;0.464230769;;;1.122618062;0.985384615;0.292631221;0.301914038
12;13;ISCO;16.06.2021;07:15;08:45;08:00;09:15;10:45;10:00;3220;2.266459627;1.43757764;;;1.576582415;3.704037267;0.397066232;0.44900012
13;14;ISCO;16.06.2021;07:45;10:15;09:00;09:45;12:15;11:00;2330;1.631330472;1.160515021;;;1.405695267;2.791845493;0.374764295;0.410855237
14;15;ISCO;16.06.2021;10:45;11:45;11:15;12:45;13:45;13:15;2300;1.675217391;1.116086957;;;1.500973899;2.791304348;0.370835216;0.413810701
15;16;ISCO;16.06.2021;12:15;13:45;13:00;14:15;15:45;15:00;3000;2.586666667;1.122;;;2.305407012;3.708666667;0.371364659;0.465310044
16;17;ISCO;06.04.2022;13:25;13:25;13:25;15:25;15:25;15:25;638;0.077671996;0.0036;;;21.57555444;0.081271996;0.078796001;0.18058177
17;18;ISCO;08.04.2022;06:15;06:15;06:15;08:15;08:15;08:15;725;0.491931034;0.0951;;;5.172776383;0.587031034;0.190726588;0.297246425
18;19;ISCO;08.04.2022;08:15;08:15;08:15;10:15;10:15;10:15;710;0.452295775;0.123;;;3.677201423;0.575295775;0.204445182;0.290580579
19;20;ISCO;08.04.2022;10:15;10:15;10:15;12:15;12:15;12:15;700;0.447785714;0.0912;;;4.909931075;0.538985714;0.188582378;0.289795384
20;21;ISCO;08.04.2022;12:15;12:15;12:15;14:15;14:15;14:15;720;0.454458333;0.086;;;5.284399221;0.540458333;0.185616715;0.29095505
21;22;ISCO;08.04.2022;14:15;14:15;14:15;16:15;16:15;16:15;745;0.633610738;0.2118;;;2.991552115;0.845410738;0.236756826;0.318269179
22;23;ISCO;08.04.2022;16:15;16:15;16:15;18:15;18:15;18:15;770;0.847922078;0.4511;;;1.87967652;1.299022078;0.290372955;0.344317111
23;24;ISCO;08.04.2022;18:15;18:15;18:15;20:15;20:15;20:15;760;0.875697368;0.5727;;;1.529068217;1.448397368;0.309701166;0.347326638
24;25;ISCO;08.04.2022;20:15;20:15;20:15;22:15;22:15;22:15;770;0.846181818;0.4907;;;1.724438186;1.336881818;0.297045403;0.344126167
25;26;ISCO;08.04.2022;22:15;22:15;22:15;00:15;00:15;00:15;760;0.935355263;0.2432;;;3.846033154;1.178555263;0.24576083;0.353562488
26;27;ISCO;09.04.2022;00:15;00:15;00:15;02:15;02:15;02:15;770;0.85438961;0.3014;;;2.834736596;1.15578961;0.260418107;0.345024241
27;28;ISCO;09.04.2022;02:15;02:15;02:15;04:15;04:15;04:15;760;0.776276316;0.2638;;;2.942669886;1.040076316;0.251215652;0.336207124
28;29;ISCO;09.04.2022;04:15;04:15;04:15;06:15;06:15;06:15;750;0.65304;0.2325;;;2.808774194;0.88554;0.242793301;0.320875266
29;30;ISCO;09.04.2022;06:15;06:15;06:15;08:15;08:15;08:15;760;0.507328947;0.1502;;;3.377689394;0.657528947;0.215776122;0.299730339
30;31;ISCO;09.04.2022;08:15;08:15;08:15;10:15;10:15;10:15;730;0.509150685;0.102;;;4.991673382;0.611150685;0.194367902;0.300020555
31;32;ISCO;09.04.2022;10:15;10:15;10:15;12:15;12:15;12:15;730;0.396383562;0.0757;;;5.236242563;0.472083562;0.179332246;0.280410145
32;33;ISCO;09.04.2022;12:15;12:15;12:15;14:15;14:15;14:15;700;0.451342857;0.0461;;;9.790517505;0.497442857;0.156856222;0.290415155
33;34;ISCO;09.04.2022;14:15;14:15;14:15;16:15;16:15;16:15;695;0.377381295;0.0313;;;12.05691038;0.408681295;0.141286111;0.276715318
34;35;ISCO;09.04.2022;16:15;16:15;16:15;18:15;18:15;18:15;690;0.306637681;0.0239;;;12.83002849;0.330537681;0.131362055;0.26163232
35;36;ISCO;09.04.2022;18:15;18:15;18:15;20:15;20:15;20:15;685;0.302569343;0.025;;;12.10277372;0.327569343;0.132967745;0.260690515
36;37;ISCO;09.04.2022;20:15;20:15;20:15;22:15;22:15;22:15;690;0.223507246;0.0184;;;12.14713293;0.241907246;0.122406171;0.240221146
37;38;ISCO;09.04.2022;22:15;22:15;22:15;00:15;00:15;00:15;670;0.18938806;0.0143;;;13.24392028;0.20368806;0.114351859;0.229714126
38;39;ISCO;10.04.2022;00:15;00:15;00:15;02:15;02:15;02:15;680;0.166029412;0.0141;;;11.7751356;0.180129412;0.113917819;0.221693244
39;40;ISCO;10.04.2022;02:15;02:15;02:15;04:15;04:15;04:15;670;0.175074627;0.0119;;;14.71215353;0.186974627;0.10881786;0.224891358
40;41;ISCO;10.04.2022;04:15;04:15;04:15;06:15;06:15;06:15;670;0.169895522;0.0077;;;22.06435351;0.177595522;0.096750896;0.22307537
41;42;ISCO;20.04.2022;11:15;11:15;11:15;12:15;12:15;12:15;700;0.074;0.006;;;12.33333333;0.08;0.09044891;0.178235851
42;43;ISCO;20.04.2022;23:15;23:15;23:15;00:15;00:15;00:15;700;0.057;0.007;;;8.142857143;0.064;0.094292895;0.166107297
43;44;ISCO;21.04.2022;11:15;11:15;11:15;12:15;12:15;12:15;700;0.076;0.007;;;10.85714286;0.083;0.094292895;0.179523857
44;45;ISCO;21.04.2022;23:15;23:15;23:15;00:15;00:15;00:15;700;0.06;0.009;;;6.666666667;0.069;0.1009132;0.168423752
45;46;ISCO;22.04.2022;11:15;11:15;11:15;09:15;09:15;09:15;;0.113;0.007;;;16.14285714;0.12;0.094292895;0.199817573
46;47;ISCO;22.04.2022;23:15;23:15;23:15;21:15;21:15;21:15;;0.044;0.006;;;7.333333333;0.05;0.09044891;0.154894046
47;48;ISCO;23.04.2022;11:15;11:15;11:15;09:15;09:15;09:15;;0.04;0.007;;;5.714285714;0.047;0.094292895;0.150958892
48;49;ISCO;23.04.2022;23:15;23:15;23:15;21:15;21:15;21:15;;0.06;0.006;;;10;0.066;0.09044891;0.168423752
49;50;ISCO;24.04.2022;11:15;11:15;11:15;09:15;09:15;09:15;;0.044;0.009;;;4.888888889;0.053;0.1009132;0.154894046
50;51;ISCO;24.04.2022;23:15;23:15;23:15;21:15;21:15;21:15;;0.077;0.007;;;11;0.084;0.094292895;0.180158599
51;52;ISCO;25.04.2022;11:15;11:15;11:15;09:15;09:15;09:15;;0.057;0.006;;;9.5;0.063;0.09044891;0.166107297
52;53;ISCO;25.04.2022;23:15;23:15;23:15;21:15;21:15;21:15;;0.06;0.013;;;4.615384615;0.073;0.111446698;0.168423752
53;54;ISCO;26.04.2022;11:15;11:15;11:15;09:15;09:15;09:15;;0.06;0.013;;;4.615384615;0.073;0.111446698;0.168423752
54;55;ISCO;26.04.2022;23:15;23:15;23:15;21:15;21:15;21:15;;0.046;0.006;;;7.666666667;0.052;0.09044891;0.156764281
55;56;ISCO;27.04.2022;11:15;11:15;11:15;09:15;09:15;09:15;;0.031;0.006;;;5.166666667;0.037;0.09044891;0.140919196
56;57;ISCO;28.04.2022;11:15;11:15;11:15;09:15;09:15;09:15;;0.034;0.007;;;4.857142857;0.041;0.094292895;0.144478029
57;58;ISCO;28.04.2022;23:15;23:15;23:15;21:15;21:15;21:15;;0.03;0.009;;;3.333333333;0.039;0.1009132;0.13967711
58;59;ISCO;29.04.2022;07:30;07:30;07:30;05:30;05:30;05:30;;0.018;0.008;0.04;0.65;2.25;0.026;0.097754509;0.121681927
59;60;ISCO;29.04.2022;07:40;07:40;07:40;05:40;05:40;05:40;;0.022;0.004;0.04;0.67;5.5;0.026;0.081069725;0.12845666
60;61;ISCO;29.04.2022;07:50;07:50;07:50;05:50;05:50;05:50;;0.027;0.006;0.04;0.82;4.5;0.033;0.09044891;0.135759652
61;62;ISCO;29.04.2022;08:00;08:00;08:00;06:00;06:00;06:00;;0.025;0.005;0.04;0.75;5;0.03;0.086104213;0.132967745
62;63;ISCO;29.04.2022;08:10;08:10;08:10;06:10;06:10;06:10;;0.023;0.007;0.039;0.77;3.285714286;0.03;0.094292895;0.130007682
63;64;ISCO;29.04.2022;08:20;08:20;08:20;06:20;06:20;06:20;;0.022;0.005;0.04;0.68;4.4;0.027;0.086104213;0.12845666
64;65;ISCO;29.04.2022;08:30;08:30;08:30;06:30;06:30;06:30;;0.026;0.007;0.04;0.82;3.714285714;0.033;0.094292895;0.134383301
65;66;ISCO;29.04.2022;08:40;08:40;08:40;06:40;06:40;06:40;;0.026;0.006;0.04;0.79;4.333333333;0.032;0.09044891;0.134383301
66;67;ISCO;29.04.2022;08:50;08:50;08:50;06:50;06:50;06:50;;0.02;0.007;0.041;0.66;2.857142857;0.027;0.094292895;0.125193159
67;68;ISCO;29.04.2022;09:00;09:00;09:00;07:00;07:00;07:00;;0.018;0.005;0.041;0.57;3.6;0.023;0.086104213;0.121681927
68;69;ISCO;29.04.2022;09:10;09:10;09:10;07:10;07:10;07:10;;0.025;0.009;0.04;0.83;2.777777778;0.034;0.1009132;0.132967745
69;70;ISCO;29.04.2022;09:20;09:20;09:20;07:20;07:20;07:20;;0.023;0.008;0.04;0.76;2.875;0.031;0.097754509;0.130007682
70;71;ISCO;29.04.2022;09:30;09:30;09:30;07:30;07:30;07:30;;0.019;0.01;0.04;0.73;1.9;0.029;0.103825134;0.123471286
71;72;ISCO;29.04.2022;09:40;09:40;09:40;07:40;07:40;07:40;;0.025;0.007;0.041;0.78;3.571428571;0.032;0.094292895;0.132967745
72;73;ISCO;29.04.2022;09:50;09:50;09:50;07:50;07:50;07:50;;0.035;0.007;0.041;1.01;5;0.042;0.094292895;0.145613242
73;74;ISCO;29.04.2022;10:00;10:00;10:00;08:00;08:00;08:00;;0.02;0.011;0.041;0.76;1.818181818;0.031;0.106531619;0.125193159
74;75;ISCO;29.04.2022;10:10;10:10;10:10;08:10;08:10;08:10;;0.024;0.009;0.042;0.79;2.666666667;0.033;0.1009132;0.13151023
75;76;ISCO;29.04.2022;10:20;10:20;10:20;08:20;08:20;08:20;;0.02;0.009;0.042;0.7;2.222222222;0.029;0.1009132;0.125193159
76;77;ISCO;29.04.2022;10:30;10:30;10:30;08:30;08:30;08:30;;0.033;0.002;0.042;0.82;16.5;0.035;0.067232707;0.143318173
77;78;ISCO;29.04.2022;10:40;10:40;10:40;08:40;08:40;08:40;;0.026;0.006;0.042;0.76;4.333333333;0.032;0.09044891;0.134383301
78;79;ISCO;29.04.2022;10:50;10:50;10:50;08:50;08:50;08:50;;0.025;0.032;0.042;1.36;0.78125;0.057;0.142132369;0.132967745
79;80;ISCO;29.04.2022;11:00;11:00;11:00;09:00;09:00;09:00;;0.031;0.003;0.042;0.8;10.33333333;0.034;0.075011049;0.140919196
80;81;ISCO;29.04.2022;11:10;11:10;11:10;09:10;09:10;09:10;;0.028;0.003;0.042;0.73;9.333333333;0.031;0.075011049;0.137099278
81;82;ISCO;29.04.2022;11:20;11:20;11:20;09:20;09:20;09:20;;0.031;0.002;0.042;0.79;15.5;0.033;0.067232707;0.140919196
82;83;ISCO;29.04.2022;22:15;22:15;22:15;00:15;00:15;00:15;680;0.030882353;0.008823529;;;3.50000017;0.039705882;0.100375085;0.140774601
83;84;ISCO;30.04.2022;10:15;10:15;10:15;12:15;12:15;12:15;650;0.063076923;0.02;;;3.15384615;0.083076923;0.125193159;0.17071337
84;85;ISCO;30.04.2022;22:15;22:15;22:15;00:15;00:15;00:15;620;0.125806452;0.012903226;;;9.749999884;0.138709678;0.111222088;0.205694314
85;86;ISCO;02.05.2022;10:15;10:15;10:15;12:15;12:15;12:15;3300;0.005454545;0.04030303;;;0.135338336;0.045757575;0.151266821;0.088151012
86;87;ISCO;03.05.2022;22:15;22:15;22:15;00:15;00:15;00:15;700;0.065714286;0.007142857;;;9.200000224;0.072857143;0.094808643;0.172611865
87;88;ISCO;04.05.2022;10:15;10:15;10:15;12:15;12:15;12:15;700;0.064285714;0.011428571;;;5.625000186;0.075714285;0.107636687;0.171590567
88;89;ISCO;04.05.2022;22:15;22:15;22:15;00:15;00:15;00:15;700;0.194285714;0.021428571;;;9.066666835;0.215714285;0.127547123;0.231303144
89;90;ISCO;05.05.2022;10:15;10:15;10:15;12:15;12:15;12:15;700;0.158571429;0.028571429;;;5.549999932;0.187142858;0.137849162;0.218959219
90;91;ISCO;05.05.2022;23:15;23:15;23:15;00:15;00:15;00:15;700;0.124285714;0.018571429;;;6.692307522;0.142857143;0.122713046;0.205019999
91;92;ISCO;06.05.2022;07:37;07:37;07:37;05:37;05:37;05:37;;0.325;0.023;0.424;0.82;14.13043478;0.348;0.130007682;0.265773092
92;93;ISCO;06.05.2022;08:37;08:37;08:37;06:37;06:37;06:37;;0.34;0.008;0.467;0.74;42.5;0.348;0.097754509;0.269030679
93;94;ISCO;06.05.2022;09:37;09:37;09:37;07:37;07:37;07:37;;0.32;0.003;0.476;0.68;106.6666667;0.323;0.075011049;0.264662856
94;95;ISCO;06.05.2022;10:37;10:37;10:37;08:37;08:37;08:37;;0.295;0.003;0.439;0.68;98.33333333;0.298;0.075011049;0.258913351
95;96;ISCO;06.05.2022;11:37;11:37;11:37;09:37;09:37;09:37;;0.25;0.005;0.338;0.75;50;0.255;0.086104213;0.247597527
96;97;ISCO;06.05.2022;12:37;12:37;12:37;10:37;10:37;10:37;;0.205;0.003;0.259;0.8;68.33333333;0.208;0.075011049;0.23467998
97;98;ISCO;06.05.2022;15:15;15:15;15:15;17:15;17:15;17:15;730;0.175342466;0.01369863;;;12.80000015;0.189041096;0.113033019;0.2249842
98;99;ISCO;06.05.2022;19:15;19:15;19:15;21:15;21:15;21:15;730;0.1;0.008219178;;;12.16666679;0.108219178;0.098470505;0.193331447
99;100;ISCO;06.05.2022;23:15;23:15;23:15;01:15;01:15;01:15;700;0.082857143;0.01;;;8.2857143;0.092857143;0.103825134;0.183760257
100;101;ISCO;07.05.2022;03:15;03:15;03:15;05:15;05:15;05:15;710;0.056338028;0.007042254;;;7.999999432;0.063380282;0.094446236;0.165584219
101;102;ISCO;07.05.2022;07:15;07:15;07:15;09:15;09:15;09:15;700;0.071428571;0.01;;;7.1428571;0.081428571;0.103825134;0.176541955
102;103;ISCO;07.05.2022;11:15;11:15;11:15;13:15;13:15;13:15;690;0.060869565;0.008695652;;;7.000000115;0.069565217;0.099980218;0.169079344
103;104;ISCO;07.05.2022;15:15;15:15;15:15;17:15;17:15;17:15;685;0.056934307;0.008759124;;;6.500000114;0.065693431;0.100176737;0.166055587
104;105;ISCO;07.05.2022;19:15;19:15;19:15;21:15;21:15;21:15;680;0.060294118;0.008823529;;;6.833333692;0.069117647;0.100375085;0.168646268
105;106;ISCO;07.05.2022;23:15;23:15;23:15;01:15;01:15;01:15;650;0.055384615;0.004615385;;;11.99999892;0.06;0.084263335;0.164822907
106;107;ISCO;08.05.2022;03:15;03:15;03:15;05:15;05:15;05:15;690;0.056521739;0.008695652;;;6.500000115;0.065217391;0.099980218;0.165729832
107;108;ISCO;08.05.2022;07:15;07:15;07:15;09:15;09:15;09:15;700;0.135714286;0.007142857;;;19.00000042;0.142857143;0.094808643;0.209947837
108;109;ISCO;10.05.2022;08:10;08:10;08:10;06:10;06:10;06:10;;0.963;1.634;1.352;1.92;0.589351285;2.597;0.411036657;0.356353967
109;110;ISCO;13.05.2022;09:15;09:15;09:15;11:15;11:15;11:15;750;0.305333333;0.044;;;6.939393932;0.349333333;0.154894046;0.261331367
110;111;ISCO;13.05.2022;09:30;09:30;09:30;11:30;11:30;11:30;750;0.374666667;0.028;;;13.38095239;0.402666667;0.137099278;0.276176465
111;112;ISCO;13.05.2022;09:45;09:45;09:45;11:45;11:45;11:45;750;0.444;0.044;;;10.09090909;0.488;0.154894046;0.289131828
112;113;ISCO;13.05.2022;10:00;10:00;10:00;12:00;12:00;12:00;750;0.506666667;0.049333333;;;10.27027035;0.556;0.159753516;0.299624644
113;114;ISCO;13.05.2022;10:15;10:15;10:15;12:15;12:15;12:15;750;0.58;0.046666667;;;12.42857134;0.626666667;0.157374489;0.310762108
114;115;ISCO;13.05.2022;10:30;10:30;10:30;12:30;12:30;12:30;750;0.657333333;0.058666667;;;11.20454539;0.716;0.167404907;0.321443485
115;116;ISCO;13.05.2022;10:45;10:45;10:45;12:45;12:45;12:45;750;0.726666667;0.046666667;;;15.57142847;0.773333334;0.157374489;0.330265353
116;117;ISCO;13.05.2022;11:00;11:00;11:00;13:00;13:00;13:00;750;0.797333333;0.032;;;24.91666666;0.829333333;0.142132369;0.338645477
117;118;ISCO;13.05.2022;11:15;11:15;11:15;13:15;13:15;13:15;750;0.796;0.06;;;13.26666667;0.856;0.168423752;0.338492483
118;119;ISCO;13.05.2022;11:30;11:30;11:30;13:30;13:30;13:30;750;0.76;0.033333333;;;22.80000023;0.793333333;0.143707608;0.334289065
119;120;ISCO;13.05.2022;11:45;11:45;11:45;13:45;13:45;13:45;750;0.766666667;0.028;;;27.38095239;0.794666667;0.137099278;0.33507828
120;121;ISCO;13.05.2022;12:00;12:00;12:00;14:00;14:00;14:00;750;0.721333333;0.033333333;;;21.64000021;0.754666666;0.143707608;0.329609121
121;122;ISCO;13.05.2022;12:15;12:15;12:15;14:15;14:15;14:15;750;0.662666667;0.026666667;;;24.8499997;0.689333334;0.135305067;0.322145586
122;123;ISCO;13.05.2022;12:30;12:30;12:30;14:30;14:30;14:30;750;0.624;0.022666667;;;27.52941136;0.646666667;0.129496243;0.316958454
123;124;ISCO;13.05.2022;12:45;12:45;12:45;14:45;14:45;14:45;750;0.558666667;0.022666667;;;24.64705848;0.581333334;0.129496243;0.307633585
124;125;ISCO;13.05.2022;13:00;13:00;13:00;15:00;15:00;15:00;750;0.513333333;0.022666667;;;22.64705848;0.536;0.129496243;0.300684026
125;126;ISCO;13.05.2022;13:15;13:15;13:15;15:15;15:15;15:15;750;0.464;0.022666667;;;20.47058793;0.486666667;0.129496243;0.292591938
126;127;ISCO;13.05.2022;22:15;22:15;22:15;00:15;00:15;00:15;750;0.146666667;0.016;;;9.166666688;0.162666667;0.117873152;0.214393683
127;128;ISCO;14.05.2022;04:15;04:15;04:15;06:15;06:15;06:15;750;0.122666667;0.005333333;;;23.0000015;0.128;0.087617761;0.20429544
128;129;ISCO;14.05.2022;10:15;10:15;10:15;12:15;12:15;12:15;740;0.236486486;0.027027027;;;8.749999991;0.263513513;0.135796331;0.243910339
129;130;ISCO;14.05.2022;16:15;16:15;16:15;18:15;18:15;18:15;700;0.215714286;0.008571429;;;25.16666544;0.224285715;0.099592555;0.237930329
130;131;ISCO;14.05.2022;22:15;22:15;22:15;00:15;00:15;00:15;700;0.102857143;0.008571429;;;11.99999942;0.111428572;0.099592555;0.194807559
131;132;ISCO;15.05.2022;04:15;04:15;04:15;06:15;06:15;06:15;700;0.115714286;0.007142857;;;16.20000036;0.122857143;0.094808643;0.201102276
132;133;ISCO;15.05.2022;10:15;10:15;10:15;12:15;12:15;12:15;750;0.468;0.034666667;;;13.49999987;0.502666667;0.1452375;0.293270839
133;134;ISCO;19.05.2022;07:30;08:00;07:45;09:30;10:00;09:45;950;0.656842105;0.065263158;;;10.06451611;0.722105263;0.172291116;0.321378609
134;135;ISCO;19.05.2022;08:30;09:00;08:45;10:30;11:00;10:45;950;0.607368421;0.081052632;;;7.493506454;0.688421053;0.182671007;0.314654971
135;136;ISCO;19.05.2022;09:30;10:00;09:45;11:30;12:00;11:45;950;0.726315789;0.097894737;;;7.419354822;0.824210526;0.192223962;0.330222288
136;137;ISCO;19.05.2022;10:30;11:00;10:45;12:30;13:00;12:45;950;0.943157895;0.105263158;;;8.959999994;1.048421053;0.196027557;0.354356407
137;138;ISCO;19.05.2022;11:30;12:00;11:45;13:30;14:00;13:45;950;1.265555556;0.131111111;;;9.652542384;1.396666667;0.208000877;0.383635183
138;139;ISCO;19.05.2022;12:30;13:00;12:45;14:30;15:00;14:45;950;1.954022989;0.214942529;;;9.090909082;2.168965518;0.237700194;0.431373549
139;140;ISCO;19.05.2022;15:00;15:00;15:00;13:00;13:00;13:00;;2.072;0.231;1.888;1.22;8.96969697;2.303;0.242369371;0.438255862
140;141;ISCO;19.05.2022;17:00;17:00;17:00;15:00;15:00;15:00;;1.83;0.17;1.709;1.17;10.76470588;2;0.223112401;0.423803262
141;142;ISCO;19.05.2022;19:00;19:00;19:00;17:00;17:00;17:00;;1.647;0.126;1.469;1.21;13.07142857;1.773;0.205779709;0.411917054
142;143;ISCO;19.05.2022;21:00;21:00;21:00;19:00;19:00;19:00;;1.409;0.135;1.267;1.22;10.43703704;1.544;0.209648915;0.3949194
143;144;ISCO;19.05.2022;23:00;23:00;23:00;21:00;21:00;21:00;;1.263;0.116;1.122;1.23;10.88793103;1.379;0.201236223;0.383425864
144;145;ISCO;20.05.2022;01:00;01:00;01:00;;;;;1.076;0.107;0.937;1.26;10.05607477;1.183;0.19689565;0.367190819
145;146;ISCO;20.05.2022;03:00;03:00;03:00;01:00;01:00;01:00;;0.988;0.133;0.769;1.46;7.428571429;1.121;0.208805745;0.358828456
146;147;ISCO;20.05.2022;05:00;05:00;05:00;03:00;03:00;03:00;;0.955;0.102;0.784;1.35;9.362745098;1.057;0.194367902;0.355552233
147;148;ISCO;20.05.2022;07:00;07:00;07:00;05:00;05:00;05:00;;0.94;0.093;0.814;1.27;10.10752688;1.033;0.189580165;0.354035671
148;149;ISCO;20.05.2022;09:00;09:00;09:00;07:00;07:00;07:00;;0.87;0.079;0.764;1.24;11.01265823;0.949;0.181410247;0.346715054
149;150;ISCO;20.05.2022;10:00;10:00;10:00;08:00;08:00;08:00;;0.731;0.111;;;6.585585586;0.842;0.198856461;0.330795957
150;151;ISCO;20.05.2022;12:00;12:00;12:00;10:00;10:00;10:00;;0.638;0.1;0.603;1.22;6.38;0.738;0.193331447;0.318862968
151;152;ISCO;01.06.2022;07:30;08:00;07:45;09:30;10:00;09:45:00;1400;0.3066;0.01666;;;18.40336134;0.32326;0.119166655;0.261623639
152;153;ISCO;01.06.2022;08:30;09:00;08:45;10:30;11:00;10:45:00;1380;0.2622;0.01242;;;21.11111111;0.27462;0.110081752;0.250803346
153;154;ISCO;01.06.2022;09:30;10:00;09:45;11:30;12:00;11:45:00;1380;0.16422;0.01518;;;10.81818182;0.1794;0.116210636;0.221038301
154;155;ISCO;01.06.2022;10:30;11:00;10:45;12:30;13:00;12:45:00;1365;0.12831;0.01092;;;11.75;0.13923;0.106321872;0.206791573
155;156;ISCO;01.06.2022;11:30;12:00;11:45;13:30;14:00;13:45:00;1380;0.09936;0.01104;;;9;0.1104;0.106636075;0.192996587
156;157;ISCO;01.06.2022;12:30;13:00;12:45;14:30;15:00;14:45:00;1375;0.08525;0.00825;;;10.33333333;0.0935;0.09857007;0.185178254
157;158;ISCO;02.06.2022;10:15;10:15;10:15;12:15;12:15;12:15;700;0.0203;0.0021;;;9.666666667;0.0224;0.068124246;0.125697439
158;159;ISCO;03.06.2022;10:15;10:15;10:15;12:15;12:15;12:15;700;0.0371;0.0084;;;4.416666667;0.0455;0.099050782;0.147922234
159;160;ISCO;04.06.2022;10:15;10:15;10:15;12:15;12:15;12:15;630;0.02079;0.00189;;;11;0.02268;0.066213598;0.126509521
160;161;ISCO;05.06.2022;10:15;10:15;10:15;12:15;12:15;12:15;620;0.02046;0.00868;;;2.357142857;0.02914;0.099931597;0.125964167
161;162;ISCO;06.06.2022;10:15;10:15;10:15;12:15;12:15;12:15;680;0.05916;0.00408;;;14.5;0.06324;0.081504342;0.167783831
162;163;ISCO;07.06.2022;10:15;10:15;10:15;12:15;12:15;12:15;620;0.0155;0.00124;;;12.5;0.01674;0.059091683;0.116867044
163;164;ISCO;08.06.2022;10:15;10:15;10:15;12:15;12:15;12:15;680;0.01768;0.00204;;;8.666666667;0.01972;0.067593144;0.121094024
164;165;ISCO;09.06.2022;10:15;10:15;10:15;12:15;12:15;12:15;705;0.01692;0.009165;;;1.846153846;0.026085;0.101409413;0.119665951
165;166;ISCO;10.06.2022;10:15;10:15;10:15;12:15;12:15;12:15;610;0.01647;0.00244;;;6.75;0.01891;0.070941073;0.118798176
166;167;ISCO;11.06.2022;10:15;10:15;10:15;12:15;12:15;12:15;680;0.01088;0.00408;;;2.666666667;0.01496;0.081504342;0.106216577
167;168;ISCO;12.06.2022;10:15;10:15;10:15;12:15;12:15;12:15;620;0.0155;0.00248;;;6.25;0.01798;0.071253213;0.116867044
168;169;ISCO;13.06.2022;10:15;10:15;10:15;12:15;12:15;12:15;620;0.01364;0.00186;;;7.333333333;0.0155;0.065928166;0.112902194
169;170;ISCO;21.06.2022;16:15;16:15;16:15;18:15:00;18:15:00;18:15:00;695;0.064748201;0.008633094;;;7.499999537;0.073381295;0.099785502;0.171923
170;171;ISCO;21.06.2022;17:15;17:15;17:15;19:15:00;19:15:00;19:15:00;690;0.073;0.010144928;;;7.195713957;0.083144928;0.104229276;0.177582299
171;172;ISCO;21.06.2022;18:15;18:15;18:15;20:15:00;20:15:00;20:15:00;695;0.153956835;0.015827338;;;9.727272836;0.169784173;0.117528347;0.217220207
172;173;ISCO;21.06.2022;19:15;19:15;19:15;21:15:00;21:15:00;21:15:00;690;0.242028986;0.020289855;;;11.9285715;0.262318841;0.125680476;0.245440764
173;174;ISCO;21.06.2022;20:15;20:15;20:15;22:15:00;22:15:00;22:15:00;690;0.3;0.024637681;;;12.17647067;0.324637681;0.13244466;0.260090949
174;175;ISCO;21.06.2022;21:15;21:15;21:15;23:15:00;23:15:00;23:15:00;690;0.936231884;0.033333333;;;28.0869568;0.969565217;0.143707608;0.353651925
175;176;ISCO;21.06.2022;22:15;22:15;22:15;00:15:00;00:15:00;00:15:00;700;1.614285714;0.061428571;;;26.27906995;1.675714285;0.169497194;0.409691742
176;177;ISCO;21.06.2022;23:15;23:15;23:15;01:15:00;01:15:00;01:15:00;690;1.510144928;0.05942029;;;25.41463409;1.569565218;0.167982828;0.40238106
177;178;ISCO;22.06.2022;00:15;00:15;00:15;02:15:00;02:15:00;02:15:00;685;1.310948905;0.045255474;;;28.96774222;1.356204379;0.156075129;0.387302818
178;179;ISCO;22.06.2022;01:15;01:15;01:15;03:15:00;03:15:00;03:15:00;700;1.19;0.048571429;;;24.49999978;1.238571429;0.159083574;0.37731162
179;180;ISCO;22.06.2022;02:15;02:15;02:15;04:15:00;04:15:00;04:15:00;670;1.167164179;0.047761194;;;24.43750001;1.214925373;0.158362664;0.375342833
180;181;ISCO;22.06.2022;03:15;03:15;03:15;05:15:00;05:15:00;05:15:00;690;1.357971014;0.068115942;;;19.93617021;1.426086956;0.174292889;0.391005562
181;182;ISCO;22.06.2022;04:15;04:15;04:15;06:15:00;06:15:00;06:15:00;700;1.551428571;0.114285714;;;13.57500003;1.665714285;0.200428892;0.405321912
182;183;ISCO;22.06.2022;05:15;05:15;05:15;07:15:00;07:15:00;07:15:00;650;1.555384615;0.087692308;;;17.73684204;1.643076923;0.186595904;0.40560071
183;184;ISCO;22.06.2022;06:15;06:15;06:15;08:15:00;08:15:00;08:15:00;680;1.220588235;0.088235294;;;13.83333335;1.308823529;0.186907157;0.379906023
184;185;ISCO;22.06.2022;07:15;07:15;07:15;09:15:00;09:15:00;09:15:00;650;1.036923077;0.058461538;;;17.73684225;1.095384615;0.167246664;0.36354156
185;186;ISCO;22.06.2022;08:15;08:15;08:15;10:15:00;10:15:00;10:15:00;650;0.846153846;0.046153846;;;18.33333339;0.892307692;0.156905668;0.344123095
186;187;ISCO;22.06.2022;09:15;09:15;09:15;11:15:00;11:15:00;11:15:00;620;0.688709677;0.027419355;;;25.1176469;0.716129032;0.136325768;0.325515948
187;188;ISCO;22.06.2022;10:15;10:15;10:15;12:15:00;12:15:00;12:15:00;660;0.472727273;0.025757576;;;18.35294101;0.498484849;0.134043836;0.294067736
188;189;ISCO;22.06.2022;11:15;11:15;11:15;13:15:00;13:15:00;13:15:00;660;0.384848485;0.027272727;;;14.11111126;0.412121212;0.136128548;0.2781831
189;190;ISCO;22.06.2022;12:15;12:15;12:15;14:15:00;14:15:00;14:15:00;660;0.304545455;0.01969697;;;15.46153825;0.324242425;0.124678149;0.261149124
190;191;ISCO;22.06.2022;13:15;13:15;13:15;15:15:00;15:15:00;15:15:00;690;0.213043478;0.014492754;;;14.6999996;0.227536232;0.114766001;0.237131324
191;192;ISCO;22.06.2022;14:15;15:15;14:45;16:15:00;17:15:00;16:45:00;1330;0.196992481;0.014285714;;;13.78947395;0.211278195;0.114321003;0.232168827
192;193;ISCO;18.11.2022;12:45;12:45;12:45;11:45;11:45;11:45;;0.028;0.002;0.418;0.07;14;0.03;0.067232707;0.137099278
193;194;ISCO;14.12.2022;09:45;09:45;09:45;08:45;08:45;08:45;;0.03;0.004;0.041;0.82;7.5;0.034;0.081069725;0.13967711
194;195;ISCO;23.12.2022;00:30;00:30;00:30;23:30;23:30;23:30;;3.346;0.699;3.93;1.03;4.78683834;4.045;0.326822041;0.498797771
195;196;ISCO;23.12.2022;19:00;19:00;19:00;18:00;18:00;18:00;;1.049;0.157;1.056;1.14;6.681528662;1.206;0.218371223;0.364679947
196;197;ISCO;23.12.2022;20:30;20:30;20:30;19:30;19:30;19:30;;2.284;0.305;2.62;0.99;7.48852459;2.589;0.261254306;0.449935694
197;198;ISCO;23.12.2022;21:30;21:30;21:30;20:30;20:30;20:30;;2.435;0.725;3.084;1.02;3.35862069;3.16;0.330060659;0.457780429
198;199;ISCO;23.12.2022;22:30;22:30;22:30;21:30;21:30;21:30;;3.048;0.512;3.718;0.96;5.953125;3.56;0.300472956;0.486392132
199;200;ISCO;23.12.2022;23:30;23:30;23:30;22:30;22:30;22:30;;3.477;0.451;4.343;0.9;7.709534368;3.928;0.290355574;0.503996786
200;201;ISCO;24.12.2022;01:30;01:30;01:30;00:30;00:30;00:30;;2.992;1.524;4.077;1.11;1.963254593;4.516;0.403374502;0.483962966
201;202;ISCO;24.12.2022;02:30;02:30;02:30;01:30;01:30;01:30;;3.498;1.437;4.258;1.16;2.434237996;4.935;0.397023148;0.504816857
202;203;ISCO;24.12.2022;03:30;03:30;03:30;02:30;02:30;02:30;;3.481;1.617;4.368;1.17;2.15275201;5.098;0.40987762;0.504153268
203;204;ISCO;24.12.2022;04:30;04:30;04:30;03:30;03:30;03:30;;3.183;1.517;4.062;1.16;2.098220171;4.7;0.402873413;0.492117029
204;205;ISCO;24.12.2022;05:30;05:30;05:30;04:30;04:30;04:30;;3.07;1.557;3.615;1.28;1.971740527;4.627;0.405714404;0.487337535
205;206;ISCO;24.12.2022;06:30;06:30;06:30;05:30;05:30;05:30;;2.909;1.822;3.287;1.44;1.596597146;4.731;0.423302235;0.480300795
206;207;ISCO;24.12.2022;07:30;07:30;07:30;06:30;06:30;06:30;;3.143;1.706;3.442;1.41;1.842321219;4.849;0.415850127;0.490439548
207;208;ISCO;24.12.2022;08:30;08:30;08:30;07:30;07:30;07:30;;3.306;1.265;4.143;1.1;2.613438735;4.571;0.383589705;0.49718071
208;209;ISCO;24.12.2022;09:30;09:30;09:30;08:30;08:30;08:30;;3.259;1.097;4.319;1.01;2.970829535;4.356;0.369112107;0.495262309
209;210;ISCO;24.12.2022;10:30;10:30;10:30;09:30;09:30;09:30;;3.233;0.956;4.165;1.01;3.381799163;4.189;0.355652718;0.494192376
210;211;ISCO;24.12.2022;11:30;11:30;11:30;10:30;10:30;10:30;;3.02;0.676;4.004;0.92;4.467455621;3.696;0.323882967;0.485181659
211;212;ISCO;24.12.2022;12:30;12:30;12:30;11:30;11:30;11:30;;2.842;0.469;3.705;0.89;6.059701493;3.311;0.293439902;0.477288533
212;213;ISCO;24.12.2022;13:30;13:30;13:30;12:30;12:30;12:30;;2.627;0.397;3.576;0.85;6.617128463;3.024;0.280527821;0.467257973
213;214;ISCO;24.12.2022;14:30;14:30;14:30;13:30;13:30;13:30;;2.589;0.327;3.633;0.8;7.917431193;2.916;0.266213695;0.465423336
214;215;ISCO;24.12.2022;15:30;15:30;15:30;14:30;14:30;14:30;;2.544;0.378;3.441;0.85;6.73015873;2.922;0.276837735;0.463225138
215;216;ISCO;24.12.2022;16:30;16:30;16:30;15:30;15:30;15:30;;2.514;0.43;3.193;0.92;5.846511628;2.944;0.286641445;0.461743855
216;217;ISCO;24.12.2022;17:30;17:30;17:30;16:30;16:30;16:30;;2.034;0.423;2.665;0.92;4.808510638;2.457;0.285373998;0.436071051
217;218;ISCO;10.05.2023;08:10;08:20;08:15;10:10;10:20;10:15;1.86;0.963;1.634;;;0.589351285;2.597;0.411036657;0.356353967
218;219;ISCO;10.05.2023;08:30;08:30;08:30;06:30;06:30;06:30;;1.169;2.186;1.351;2.48;0.534766697;3.355;0.444639502;0.375502142
219;220;ISCO;10.05.2023;08:30;08:40;08:35;10:30;10:40;10:35;1.9;1.169473684;2.185789474;;;0.535034914;3.355263158;0.44462794;0.375543218
220;221;ISCO;10.05.2023;08:50;08:50;08:50;06:50;06:50;06:50;;1.208;2.178;1.342;2.52;0.554637282;3.386;0.444199563;0.378844139
221;222;ISCO;10.05.2023;08:50;09:00;08:55;10:50;11:00;10:55;1.9;1.207894737;2.177894737;;;0.554615756;3.385789474;0.444193767;0.378835226
222;223;ISCO;10.05.2023;09:10;09:10;09:10;07:10;07:10;07:10;;1.12;2.064;1.339;2.38;0.542635659;3.184;0.437798347;0.371185811
223;224;ISCO;10.05.2023;09:10;09:20;09:15;11:10;11:20;11:15;1.94;1.119587629;2.063917526;;;0.542457542;3.183505155;0.437793624;0.371148907
224;225;ISCO;10.05.2023;09:30;09:30;09:30;07:30;07:30;07:30;;1.162;1.98;1.361;2.31;0.586868687;3.142;0.43291447;0.374893711
225;226;ISCO;10.05.2023;09:30;09:40;09:35;11:30;11:40;11:35;1.95;1.161538462;1.98;;;0.586635587;3.141538462;0.43291447;0.374853501
226;227;ISCO;10.05.2023;09:50;09:50;09:50;07:50;07:50;07:50;;1.182;1.532;1.382;1.96;0.77154047;2.714;0.403945121;0.376625065
227;228;ISCO;10.05.2023;09:50;10:00;09:55;11:50;12:00;11:55;1.9;1.181578947;1.531526316;;;0.771504175;2.713105263;0.403911395;0.376588836
228;229;ISCO;10.05.2023;10:10;10:10;10:10;08:10;08:10;08:10;;1.219;1.953;1.407;2.25;0.624167947;3.172;0.431312561;0.379772489
229;230;ISCO;10.05.2023;10:10;10:20;10:15;12:10;12:20;12:15;1.86;1.219354839;1.953225806;;;0.624277457;3.172580645;0.431326025;0.379802334
230;231;ISCO;10.05.2023;10:30;10:30;10:30;08:30;08:30;08:30;;1.148;1.473;1.433;1.83;0.779361847;2.621;0.399684441;0.373668777
231;232;ISCO;10.05.2023;10:30;10:40;10:35;12:30;12:40;12:35;1.92;1.1484375;1.4734375;;;0.779427359;2.621875;0.39971649;0.373707221
232;233;ISCO;10.05.2023;10:50;10:50;10:50;08:50;08:50;08:50;;1.078;2.051;1.448;2.16;0.52559727;3.129;0.437052118;0.367374972
233;234;ISCO;10.05.2023;10:50;11:00;10:55;12:50;13:00;12:55;1.7;1.078235294;2.050588235;;;0.525817556;3.128823529;0.437028425;0.367396621
234;235;ISCO;10.05.2023;11:10;11:10;11:10;09:10;09:10;09:10;;0.976;1.449;1.385;1.75;0.673567978;2.425;0.397915599;0.357646477
235;236;ISCO;10.05.2023;11:10;11:20;11:15;13:10;13:20;13:15;1.9;0.976315789;1.448947368;;;0.673810389;2.425263157;0.397911697;0.357677717
236;237;ISCO;10.05.2023;11:30;11:30;11:30;09:30;09:30;09:30;;0.963;1.651;1.381;1.89;0.583282859;2.614;0.412186924;0.356353967
237;238;ISCO;10.05.2023;11:30;11:40;11:35;13:30;13:40;13:35;1.9;0.963157895;1.650526316;;;0.583545918;2.613684211;0.412154991;0.356369742
238;239;ISCO;10.05.2023;11:50;11:50;11:50;09:50;09:50;09:50;;0.928;1.237;1.357;1.59;0.750202102;2.165;0.381278503;0.352809649
239;240;ISCO;10.05.2023;11:50;12:00;11:55;13:50;14:00;13:55;1.9;0.927894737;1.236842105;;;0.750212766;2.164736842;0.381265362;0.352798844
240;241;ISCO;15.05.2023;07:20;08:05;07:42;09:20;10:05;09:42;3.1;0.278387097;0.115483871;;;2.410614526;0.393870968;0.200994077;0.254892912
241;242;ISCO;15.05.2023;08:20;09:05;08:42;10:20;11:05;10:42;3.1;0.376129032;0.174516129;;;2.155268021;0.550645161;0.22469743;0.276467097
242;243;ISCO;15.05.2023;09:20;10:05;09:42;11:20;12:05;11:42;3.1;0.535806452;0.220645161;;;2.428362578;0.756451613;0.239386685;0.304182794
243;244;ISCO;15.05.2023;10:20;11:05;10:42;12:20;13:05;12:42;3.2;0.614375;0.2609375;;;2.354491018;0.8753125;0.250476713;0.31563093
244;245;ISCO;15.05.2023;11:20;12:05;11:42;13:20;14:05;13:42;3.2;0.65375;0.2278125;;;2.869684499;0.8815625;0.241461803;0.320969422
245;246;ISCO;15.05.2023;12:20;13:05;12:42;14:20;15:05;14:42;3.1;0.607741935;0.247741935;;;2.453125003;0.85548387;0.246991708;0.314707205
246;247;ISCO;20.05.2023;10:15;10:15;10:15;;;;;0.04;0.014;;;2.857142857;0.054;0.113699111;0.150958892
247;248;ISCO;20.05.2023;13:15;13:15;13:15;;;;;0.035;0.007;;;5;0.042;0.094292895;0.145613242
248;249;ISCO;20.05.2023;16:15;16:15;16:15;;;;;0.031;0.002;;;15.5;0.033;0.067232707;0.140919196
249;250;ISCO;20.05.2023;19:15;19:15;19:15;;;;;0.033;0.004;;;8.25;0.037;0.081069725;0.143318173
250;251;ISCO;20.05.2023;22:15;22:15;22:15;;;;;0.031;0.006;;;5.166666667;0.037;0.09044891;0.140919196
251;252;ISCO;21.05.2023;01:15;01:15;01:15;;;;;0.03;0.004;;;7.5;0.034;0.081069725;0.13967711
252;253;ISCO;21.05.2023;04:15;04:15;04:15;;;;;0.025;0.002;;;12.5;0.027;0.067232707;0.132967745
253;254;ISCO;21.05.2023;07:15;07:15;07:15;;;;;0.023;0.002;;;11.5;0.025;0.067232707;0.130007682
254;255;ISCO;21.05.2023;10:15;10:15;10:15;;;;;0.023;0.004;;;5.75;0.027;0.081069725;0.130007682
255;256;ISCO;21.05.2023;13:15;13:15;13:15;;;;;0.027;0.004;;;6.75;0.031;0.081069725;0.135759652
256;257;ISCO;21.05.2023;16:15;16:15;16:15;;;;;0.023;0.003;;;7.666666667;0.026;0.075011049;0.130007682
257;258;ISCO;21.05.2023;19:15;19:15;19:15;;;;;0.024;0.002;;;12;0.026;0.067232707;0.13151023
258;259;ISCO;21.05.2023;22:15;22:15;22:15;;;;;0.023;0.001;;;23;0.024;0.055757398;0.130007682
259;260;ISCO;22.05.2023;01:15;01:15;01:15;;;;;0.026;0.003;;;8.666666667;0.029;0.075011049;0.134383301
260;261;ISCO;22.05.2023;04:15;04:15;04:15;;;;;0.028;0.004;;;7;0.032;0.081069725;0.137099278
261;262;ISCO;22.05.2023;07:15;07:15;07:15;;;;;0.038;0.007;;;5.428571429;0.045;0.094292895;0.148882644
262;263;ISCO;22.05.2023;10:15;10:15;10:15;;;;;0.047;0.014;;;3.357142857;0.061;0.113699111;0.157677208
263;264;ISCO;22.05.2023;13:15;13:15;13:15;;;;;0.048;0.009;;;5.333333333;0.057;0.1009132;0.158576064
264;265;ISCO;22.05.2023;16:15;16:15;16:15;;;;;0.047;0.009;;;5.222222222;0.056;0.1009132;0.157677208
265;266;ISCO;22.05.2023;19:15;19:15;19:15;;;;;0.041;0.005;;;8.2;0.046;0.086104213;0.151968698
266;267;ISCO;22.05.2023;22:15;22:15;22:15;;;;;0.043;0.003;;;14.33333333;0.046;0.075011049;0.15393557
267;268;ISCO;23.05.2023;01:15;01:15;01:15;;;;;0.038;0.003;;;12.66666667;0.041;0.075011049;0.148882644
268;269;ISCO;23.05.2023;04:15;04:15;04:15;;;;;0.113;0.008;;;14.125;0.121;0.097754509;0.199817573
269;270;ISCO;23.05.2023;07:15;07:15;07:15;;;;;0.227;0.013;;;17.46153846;0.24;0.111446698;0.241228981
270;271;ISCO;25.05.2023;07:20;07:20;07:20;05:20;05:20;05:20;;0.123;0.025;0.196;0.76;4.92;0.148;0.132967745;0.204445182
271;272;ISCO;25.05.2023;07:20;08:05;07:42;09:20;10:05;09:42;3;0.123333333;0.025333333;;;4.868421104;0.148666666;0.133444116;0.204594628
272;273;ISCO;25.05.2023;08:20;08:20;08:20;06:20;06:20;06:20;;0.136;0.024;0.202;0.79;5.666666667;0.16;0.13151023;0.210067084
273;274;ISCO;25.05.2023;08:20;09:05;08:42;10:20;11:05;10:42;3;0.136333333;0.024;;;5.680555542;0.160333333;0.13151023;0.210205974
274;275;ISCO;25.05.2023;09:20;09:20;09:20;07:20;07:20;07:20;;0.134;0.027;0.204;0.79;4.962962963;0.161;0.135759652;0.209228478
275;276;ISCO;25.05.2023;09:20;10:05;09:42;11:20;12:05;11:42;3;0.134333333;0.027333333;;;4.914634194;0.161666666;0.136210159;0.209368877
276;277;ISCO;25.05.2023;10:20;10:20;10:20;08:20;08:20;08:20;;0.137;0.025;0.21;0.77;5.48;0.162;0.132967745;0.210483014
277;278;ISCO;25.05.2023;10:20;11:05;10:42;12:20;13:05;12:42;3;0.137333333;0.025333333;;;5.42105269;0.162666666;0.133444116;0.210621165
278;279;ISCO;25.05.2023;11:20;11:20;11:20;09:20;09:20;09:20;;0.135;0.033;0.208;0.81;4.090909091;0.168;0.143318173;0.209648915
279;280;ISCO;25.05.2023;11:20;12:05;11:42;13:20;14:05;13:42;3;0.135;0.033333333;;;4.050000041;0.168333333;0.143707608;0.209648915
280;281;ISCO;25.05.2023;12:20;12:20;12:20;10:20;10:20;10:20;;0.145;0.023;0.226;0.74;6.304347826;0.168;0.130007682;0.213733138
281;282;ISCO;25.05.2023;12:20;13:05;12:42;14:20;15:05;14:42;3;0.145333333;0.023;;;6.318840565;0.168333333;0.130007682;0.213865688
282;283;ISCO;25.05.2023;14:15;14:15;14:15;;;;;0.151;0.009;;;16.77777778;0.16;0.1009132;0.216085824
283;284;ISCO;25.05.2023;18:15;18:15;18:15;;;;;0.141;0.005;;;28.2;0.146;0.086104213;0.212124905
284;285;ISCO;25.05.2023;22:15;22:15;22:15;;;;;0.173;0.009;;;19.22222222;0.182;0.1009132;0.224168687
285;286;ISCO;26.05.2023;02:15;02:15;02:15;;;;;0.145;0.023;;;6.304347826;0.168;0.130007682;0.213733138
286;287;ISCO;26.05.2023;06:15;06:15;06:15;;;;;0.176;0.019;;;9.263157895;0.195;0.123471286;0.225211686
287;288;ISCO;26.05.2023;10:15;10:15;10:15;;;;;0.143;0.026;;;5.5;0.169;0.134383301;0.212933126
288;289;ISCO;26.05.2023;14:15;14:15;14:15;;;;;0.158;0.025;;;6.32;0.183;0.132967745;0.218745896
289;290;ISCO;26.05.2023;18:15;18:15;18:15;;;;;0.14;0.015;;;9.333333333;0.155;0.115836957;0.211717653
290;291;ISCO;26.05.2023;22:15;22:15;22:15;;;;;0.115;0.016;;;7.1875;0.131;0.117873152;0.200766347
291;292;ISCO;27.05.2023;02:15;02:15;02:15;;;;;0.089;0.009;;;9.888888889;0.098;0.1009132;0.187343143
292;293;ISCO;27.05.2023;06:15;06:15;06:15;;;;;0.1;0.009;;;11.11111111;0.109;0.1009132;0.193331447
293;294;ISCO;27.05.2023;10:15;10:15;10:15;;;;;0.135;0.014;;;9.642857143;0.149;0.113699111;0.209648915
294;295;ISCO;27.05.2023;14:15;14:15;14:15;;;;;0.132;0.013;;;10.15384615;0.145;0.111446698;0.208380685
295;296;ISCO;27.05.2023;18:15;18:15;18:15;;;;;0.119;0.007;;;17;0.126;0.094292895;0.202628337
296;297;ISCO;27.05.2023;22:15;22:15;22:15;;;;;0.087;0.006;;;14.5;0.093;0.09044891;0.186197008
297;298;ISCO;28.05.2023;02:15;02:15;02:15;;;;;0.084;0.009;;;9.333333333;0.093;0.1009132;0.184441187
298;299;ISCO;28.05.2023;06:15;06:15;06:15;;;;;0.083;0.012;;;6.916666667;0.095;0.109064004;0.183845746
299;300;ISCO;28.05.2023;10:15;10:15;10:15;;;;;0.166;0.014;;;11.85714286;0.18;0.113699111;0.22168264
300;301;ISCO;28.05.2023;14:15;14:15;14:15;;;;;0.268;0.022;;;12.18181818;0.29;0.12845666;0.252289337
301;302;ISCO;28.05.2023;18:15;18:15;18:15;;;;;0.179;0.009;;;19.88888889;0.188;0.1009132;0.226241785
302;303;ISCO;28.05.2023;22:15;22:15;22:15;;;;;0.248;0.009;;;27.55555556;0.257;0.1009132;0.247061148
303;304;ISCO;29.05.2023;02:15;02:15;02:15;;;;;0.111;0.007;;;15.85714286;0.118;0.094292895;0.198856461
304;305;ISCO;29.05.2023;06:15;06:15;06:15;;;;;0.1;0.011;;;9.090909091;0.111;0.106531619;0.193331447
305;306;ISCO;29.05.2023;10:15;10:15;10:15;;;;;0.55;0.018;;;30.55555556;0.568;0.121681927;0.306337686
306;307;ISCO;01.06.2023;05:10;05:10;05:10;03:10;03:10;03:10;;1.437;0.213;;;6.746478873;1.65;0.237118257;0.397023148
307;308;ISCO;01.06.2023;05:10;05:25;05:17;07:10;07:25;07:17;1.48;1.437;0.213;;;6.746478873;1.65;0.237118257;0.397023148
308;309;ISCO;01.06.2023;05:40;05:55;05:47;07:40;07:55;07:47;1.48;1.341;0.282;;;4.755319149;1.623;0.255781871;0.389680138
309;310;ISCO;01.06.2023;06:10;06:10;06:10;04:10;04:10;04:10;;1.366;0.253;1.396;1.16;5.399209486;1.619;0.248396254;0.39162841
310;311;ISCO;01.06.2023;06:10;06:25;06:17;08:10;08:25;08:17;1.48;1.366;0.253;;;5.399209486;1.619;0.248396254;0.39162841
311;312;ISCO;01.06.2023;06:40;06:55;06:47;08:40;08:55;08:47;1.48;1.422;0.25;;;5.688;1.672;0.247597527;0.3958999
312;313;ISCO;01.06.2023;07:10;07:10;07:10;05:10;05:10;05:10;;1.464;0.189;1.573;1.05;7.746031746;1.653;0.229586944;0.399023608
313;314;ISCO;01.06.2023;07:10;07:25;07:17;09:10;09:25;09:17;1.48;1.464;0.189;;;7.746031746;1.653;0.229586944;0.399023608
314;315;ISCO;01.06.2023;07:40;07:55;07:47;09:40;09:55;09:47;1.48;1.397;0.382;;;3.657068063;1.779;0.277625663;0.394008445
315;316;ISCO;01.06.2023;08:10;08:10;08:10;06:10;06:10;06:10;;1.561;0.314;1.588;1.18;4.97133758;1.875;0.26331373;0.40599556
316;317;ISCO;01.06.2023;08:10;08:25;08:17;10:10;10:25;10:17;1.48;1.561;0.314;;;4.97133758;1.875;0.26331373;0.40599556
317;318;ISCO;01.06.2023;08:40;08:55;08:47;10:40;10:55;10:47;1.48;1.626;0.297;;;5.474747475;1.923;0.259386126;0.41049233
318;319;ISCO;01.06.2023;09:10;09:10;09:10;07:10;07:10;07:10;;1.624;0.386;1.655;1.21;4.207253886;2.01;0.278407591;0.410355943
319;320;ISCO;01.06.2023;09:10;09:25;09:17;11:10;11:25;11:17;1.48;1.624;0.386;;;4.207253886;2.01;0.278407591;0.410355943
320;321;ISCO;01.06.2023;09:40;09:55;09:47;11:40;11:55;11:47;1.48;1.711;0.409;;;4.183374083;2.12;0.282792439;0.416178848
321;322;ISCO;01.06.2023;10:10;10:10;10:10;08:10;08:10;08:10;;1.766;0.421;1.757;1.25;4.194774347;2.187;0.285009061;0.419749309
322;323;ISCO;01.06.2023;10:10;10:25;10:17;12:10;12:25;12:17;1.48;1.766;0.421;;;4.194774347;2.187;0.285009061;0.419749309
323;324;ISCO;01.06.2023;10:40;10:55;10:47;12:40;12:55;12:47;1.48;1.828;0.4;;;4.57;2.228;0.28109861;0.423678155
324;325;ISCO;01.06.2023;12:30;12:30;12:30;;;;;1.4;0.178;;;7.865168539;1.578;0.225899829;0.394236718
325;326;ISCO;01.06.2023;14:30;14:30;14:30;;;;;1.22;0.203;;;6.009852217;1.423;0.234059585;0.379856581
326;327;ISCO;01.06.2023;16:30;16:30;16:30;;;;;1.05;0.11;;;9.545454545;1.16;0.198371157;0.364773778
327;328;ISCO;01.06.2023;18:30;18:30;18:30;;;;;0.796;0.055;;;14.47272727;0.851;0.164513078;0.338492483
328;329;ISCO;01.06.2023;20:30;20:30;20:30;;;;;0.948;0.249;;;3.807228916;1.197;0.247329731;0.354846685
329;330;ISCO;01.06.2023;22:30;22:30;22:30;;;;;0.605;0.066;;;9.166666667;0.671;0.172814175;0.314323211
330;331;ISCO;02.06.2023;00:30;00:30;00:30;;;;;0.447;0.051;;;8.764705882;0.498;0.1611931;0.289658003
331;332;ISCO;02.06.2023;02:30;02:30;02:30;;;;;0.417;0.044;;;9.477272727;0.461;0.154894046;0.284275371
332;333;ISCO;02.06.2023;04:30;04:30;04:30;;;;;0.444;0.052;;;8.538461538;0.496;0.162040436;0.289131828
333;334;ISCO;02.06.2023;06:30;06:30;06:30;;;;;0.448;0.064;;;7;0.512;0.171384323;0.289832821
334;335;ISCO;02.06.2023;08:30;08:30;08:30;;;;;0.734;0.136;;;5.397058824;0.87;0.210067084;0.331161954
335;336;ISCO;02.06.2023;10:30;10:30;10:30;;;;;0.588;0.183;;;3.213114754;0.771;0.227595827;0.311913649
336;337;ISCO;02.06.2023;12:30;12:30;12:30;;;;;0.466;0.091;;;5.120879121;0.557;0.188470628;0.29293192
337;338;ISCO;02.06.2023;14:30;14:30;14:30;;;;;0.315;0.09;;;3.5;0.405;0.187909172;0.263539884
338;339;ISCO;02.06.2023;16:30;16:30;16:30;;;;;0.247;0.07;;;3.528571429;0.317;0.175581588;0.246791773
339;340;ISCO;02.06.2023;18:30;18:30;18:30;;;;;0.223;0.052;;;4.288461538;0.275;0.162040436;0.240073826
340;341;ISCO;02.06.2023;20:30;20:30;20:30;;;;;0.342;0.062;;;5.516129032;0.404;0.16992147;0.269457049
341;342;ISCO;02.06.2023;22:30;22:30;22:30;;;;;0.256;0.072;;;3.555555556;0.328;0.176922177;0.249188096
342;343;ISCO;03.06.2023;00:30;00:30;00:30;;;;;0.215;0.07;;;3.071428571;0.285;0.175581588;0.237717353
343;344;ISCO;03.06.2023;02:30;02:30;02:30;;;;;0.194;0.073;;;2.657534247;0.267;0.177582299;0.231211253
344;345;ISCO;03.06.2023;04:30;04:30;04:30;;;;;0.175;0.061;;;2.868852459;0.236;0.169177092;0.224865472
345;346;ISCO;03.06.2023;06:30;06:30;06:30;;;;;0.186;0.05;;;3.72;0.236;0.160333548;0.228597247
346;347;ISCO;03.06.2023;08:30;08:30;08:30;;;;;0.187;0.053;;;3.528301887;0.24;0.162875959;0.228928432
347;348;ISCO;03.06.2023;10:30;10:30;10:30;;;;;0.222;0.05;;;4.44;0.272;0.160333548;0.239782677
348;349;ISCO;15.06.2023;07:42;07:42;07:42;;;;;0.278;0.115;;;2.417391304;0.393;0.200766347;0.254797167
349;350;ISCO;15.06.2023;08:42;08:42;08:42;;;;;0.376;0.175;;;2.148571429;0.551;0.224865472;0.276441486
350;351;ISCO;15.06.2023;09:42;09:42;09:42;;;;;0.536;0.221;;;2.425339367;0.757;0.239490568;0.304212457
351;352;ISCO;15.06.2023;10:42;10:42;10:42;;;;;0.614;0.261;;;2.352490421;0.875;0.25049291;0.315578902
352;353;ISCO;15.06.2023;11:42;11:42;11:42;;;;;0.654;0.228;;;2.868421053;0.882;0.241515445;0.321002558
353;354;ISCO;15.06.2023;12:42;12:42;12:42;;;;;0.608;0.248;;;2.451612903;0.856;0.247061148;0.314743281
354;355;ISCO;15.06.2023;14:15;14:15;14:15;;;;;0.643;0.137;;;4.693430657;0.78;0.210483014;0.319535757
355;356;ISCO;15.06.2023;20:15;20:15;20:15;;;;;0.614;0.203;;;3.024630542;0.817;0.234059585;0.315578902
356;357;ISCO;16.06.2023;02:15;02:15;02:15;;;;;0.436;0.137;;;3.182481752;0.573;0.210483014;0.287715893
357;358;ISCO;16.06.2023;08:15;08:15;08:15;;;;;0.345;0.103;;;3.349514563;0.448;0.194880575;0.270093204
358;359;ISCO;16.06.2023;14:15;14:15;14:15;;;;;0.333;0.117;;;2.846153846;0.45;0.201703151;0.267523812
359;360;ISCO;16.06.2023;20:15;20:15;20:15;;;;;0.218;0.071;;;3.070422535;0.289;0.176255328;0.238608414
360;361;ISCO;17.06.2023;02:15;02:15;02:15;;;;;0.177;0.038;;;4.657894737;0.215;0.148882644;0.225556467
361;362;ISCO;17.06.2023;08:15;08:15;08:15;;;;;0.346;0.077;;;4.493506494;0.423;0.180158599;0.270304358
362;363;ISCO;17.06.2023;14:15;14:15;14:15;;;;;0.313;0.042;;;7.452380952;0.355;0.152960681;0.26308705
363;364;ISCO;17.06.2023;20:15;20:15;20:15;;;;;0.176;0.031;;;5.677419355;0.207;0.140919196;0.225211686
364;365;ISCO;18.06.2023;02:15;02:15;02:15;;;;;0.125;0.026;;;4.807692308;0.151;0.134383301;0.205337469
365;366;ISCO;18.06.2023;08:15;08:15;08:15;;;;;0.096;0.024;;;4;0.12;0.13151023;0.19121226
366;367;ISCO;18.06.2023;14:15;14:15;14:15;;;;;0.094;0.014;;;6.714285714;0.108;0.113699111;0.190128412
367;368;ISCO;18.06.2023;20:15;20:15;20:15;;;;;0.105;0.02;;;5.25;0.125;0.125193159;0.195895117
368;369;ISCO;19.06.2023;02:15;02:15;02:15;;;;;0.09;0.021;;;4.285714286;0.111;0.126853283;0.187909172
369;370;ISCO;19.06.2023;08:15;08:15;08:15;;;;;0.072;0.024;;;3;0.096;0.13151023;0.176922177
370;371;ISCO;19.06.2023;14:15;14:15;14:15;;;;;0.081;0.019;;;4.263157895;0.1;0.123471286;0.182638973
371;372;ISCO;19.06.2023;20:15;20:15;20:15;;;;;0.094;0.014;;;6.714285714;0.108;0.113699111;0.190128412
372;373;ISCO;20.06.2023;02:15;02:15;02:15;;;;;0.135;0.029;;;4.655172414;0.164;0.13840442;0.209648915
373;374;ISCO;20.06.2023;08:15;08:15;08:15;;;;;0.251;0.074;;;3.391891892;0.325;0.178235851;0.247864543
374;375;ISCO;20.06.2023;14:15;14:15;14:15;;;;;0.305;0.077;;;3.961038961;0.382;0.180158599;0.261254306
375;376;ISCO;20.06.2023;20:15;20:15;20:15;;;;;0.178;0.04;;;4.45;0.218;0.150958892;0.225899829
376;377;ISCO;21.06.2023;02:15;02:15;02:15;;;;;0.152;0.047;;;3.234042553;0.199;0.157677208;0.216471272
377;378;ISCO;22.06.2023;08:15;08:15;08:15;;;;;0.456;0.149;;;3.060402685;0.605;0.215309302;0.291221214
378;379;ISCO;28.06.2023;05:00;05:00;05:00;;;;;1.669;0.175;;;9.537142857;1.844;0.224865472;0.413395468
379;380;ISCO;28.06.2023;11:15;11:15;11:15;;;;;0.73;0.031;;;23.5483871;0.761;0.140919196;0.330673714
380;381;ISCO;28.06.2023;13:15;13:15;13:15;;;;;0.424;0.038;;;11.15789474;0.462;0.148882644;0.285555995
381;382;ISCO;28.06.2023;15:15;15:15;15:15;;;;;0.253;0.026;;;9.730769231;0.279;0.134383301;0.248396254
382;383;ISCO;28.06.2023;17:15;17:15;17:15;;;;;0.193;0.018;;;10.72222222;0.211;0.121681927;0.230888857
383;384;ISCO;28.06.2023;19:15;19:15;19:15;;;;;0.153;0.011;;;13.90909091;0.164;0.106531619;0.216854874
384;385;ISCO;28.06.2023;21:15;21:15;21:15;;;;;0.132;0.014;;;9.428571429;0.146;0.113699111;0.208380685
385;386;ISCO;28.06.2023;23:15;23:15;23:15;;;;;0.111;0.009;;;12.33333333;0.12;0.1009132;0.198856461
386;387;ISCO;29.06.2023;01:15;01:15;01:15;;;;;0.092;0.011;;;8.363636364;0.103;0.106531619;0.189027597
387;388;ISCO;29.06.2023;03:15;03:15;03:15;;;;;0.088;0.01;;;8.8;0.098;0.103825134;0.186772453
388;389;ISCO;29.06.2023;05:15;05:15;05:15;;;;;0.098;0.014;;;7;0.112;0.113699111;0.192279747
389;390;ISCO;29.06.2023;07:15;07:15;07:15;;;;;0.094;0.007;;;13.42857143;0.101;0.094292895;0.190128412
390;391;ISCO;29.06.2023;09:15;09:15;09:15;;;;;0.112;0.024;;;4.666666667;0.136;0.13151023;0.199338583
391;392;ISCO;29.06.2023;11:15;11:15;11:15;;;;;0.132;0.023;;;5.739130435;0.155;0.130007682;0.208380685
392;393;ISCO;29.06.2023;13:15;13:15;13:15;;;;;0.127;0.018;;;7.055555556;0.145;0.121681927;0.206219394
393;394;ISCO;29.06.2023;15:15;15:15;15:15;;;;;0.109;0.017;;;6.411764706;0.126;0.119818453;0.197882622
394;395;ISCO;29.06.2023;17:15;17:15;17:15;;;;;0.107;0.01;;;10.7;0.117;0.103825134;0.19689565
395;396;ISCO;29.06.2023;19:15;19:15;19:15;;;;;0.099;0.007;;;14.14285714;0.106;0.094292895;0.192807535
396;397;ISCO;29.06.2023;21:15;21:15;21:15;;;;;0.096;0.013;;;7.384615385;0.109;0.111446698;0.19121226
397;398;ISCO;29.06.2023;23:15;23:15;23:15;;;;;0.09;0.011;;;8.181818182;0.101;0.106531619;0.187909172
398;399;ISCO;30.06.2023;01:15;01:15;01:15;;;;;0.148;0.024;;;6.166666667;0.172;0.13151023;0.214918185
399;400;ISCO;30.06.2023;03:15;03:15;03:15;;;;;0.38;0.062;;;6.129032258;0.442;0.16992147;0.277232456
400;401;ISCO;30.06.2023;05:15;05:15;05:15;;;;;0.401;0.062;;;6.467741935;0.463;0.16992147;0.281288179
401;402;ISCO;30.06.2023;07:15;07:15;07:15;;;;;0.317;0.028;;;11.32142857;0.345;0.137099278;0.263990623
402;403;ISCO;30.06.2023;09:15;09:15;09:15;;;;;0.48;0.044;;;10.90909091;0.524;0.154894046;0.295282449
